﻿<parameters>
  <parameter name="IIS Web Application Name" defaultValue="Default Web Site/HealthSupportApp_deploy" tags="IisApp">
    <parameterEntry kind="ProviderPath" scope="IisApp" match="^D:\\a\\1\\s\\HealthSupportApp\\obj\\Release\\Package\\PackageTmp$" />
    <parameterEntry kind="ProviderPath" scope="setAcl" match="^D:\\a\\1\\s\\HealthSupportApp\\obj\\Release\\Package\\PackageTmp$" />
  </parameter>
  <parameter name="DefaultConnection-Web.config Connection String" description="DefaultConnection Connection String used in web.config by the application to access the database." defaultValue="Data Source=PC0395\MSSQL2019;Initial Catalog=aspnet-HealthSupportApp-20180208122419;Integrated Security=True" tags="SqlConnectionString">
    <parameterEntry kind="XmlFile" scope="D:\\a\\1\\s\\HealthSupportApp\\obj\\Release\\Package\\PackageTmp\\Web\.config$" match="/configuration/connectionStrings/add[@name='DefaultConnection']/@connectionString" />
  </parameter>
  <parameter name="HealthSupportDbContext-Web.config Connection String" description="HealthSupportDbContext Connection String used in web.config by the application to access the database." defaultValue="Data Source=PC0395\MSSQL2019;Initial Catalog=HealthSupportDB;Integrated Security=True" tags="SqlConnectionString">
    <parameterEntry kind="XmlFile" scope="D:\\a\\1\\s\\HealthSupportApp\\obj\\Release\\Package\\PackageTmp\\Web\.config$" match="/configuration/connectionStrings/add[@name='HealthSupportDbContext']/@connectionString" />
  </parameter>
</parameters>